accession_number	id	issuer	issuerSignature	issuerTitle
0001665160-19-001270	5003856	Geoship SPC	Morgan Bierschenk	CEO, Principal Executive Officer and Director, Principal Financial Officer and Principal Accounting Officer of Geoship SPC
0001759332-19-000003	5003874	Persona Network, Inc.	Colby Schaeffer	CFO
0001666102-20-000001	5003875	Social5, LLC	Judson Smedley	Chief Financial Officer
0001666102-20-000002	5003876	Armored Citizen, LLC.	Aaron K Gilbert	President & CEO
0001665160-20-000001	5003877	Boku International Inc	Lynn Rolle	CEO, Principal Executive Officer and Director, Principal Financial Officer and Principal Accounting Officer
0001793460-20-000001	5003878	SongVest Records Inc.	Sean Peace	CEO
0001784144-20-000001	5003879	Nanno, Inc.	Elisabeth P. Oertle	CEO/Co-Founder
0001793460-20-000002	5003857	SongVest Records Inc.	Sean Peace	CEO
0001784144-20-000002	5003880	WeLivv Inc.	Andrew Christodoulides	Chief Executive Officer
0001659586-20-000001	5003858	Citiesense Inc.	Starling Childs	Chief Executive Officer, Director
0001665160-20-000004	5003881	Divinia Water, INC.	Steven R Sedlmayr	CEO, Principal Executive Officer and Director and Principal Financial Officer
0001782749-20-000001	5003882	Tallyfy, Inc.	/s/Amit Kothari	Director, CEO, President, Secretary
0001780452-20-000001	5003860	Globocoin 1, LLC	Tobias Maldonado	Owner
0001665160-20-000007	5003859	LiquidPiston, Inc.	Alexander Shkolnik	President and CEO, Principal Executive Officer, Principal Financial Officer,  Principal Accounting Officer, and Director
0001665160-20-000008	5003861	81-c, Inc.	Dan Abbate	CEO, Principal Executive Officer and Director, Principal Financial Officer and Principal Accounting Officer
0001665160-20-000009	5003862	Fisher Wallace Laboratories, Inc.	Kelly Roman	CEO, Principal Executive Officer and Director
0001777274-20-000001	5003883	Oracle Health Inc.	Jaeson Bang	CEO, Founder
0001665160-20-000010	5003884	Locking Line Barriers Corp	Joseph Daniluk	CEO, Principal Executive Officer and Director, Principal Financial Officer, Secretary, and Principal Accounting Officer
0001665160-20-000011	5003863	WebTez Inc.	Peter J. Tezza II	CEO, Principal Executive Officer and Director
0001669191-20-000004	5003886	Neurotez Inc.	Nikolaos Tezapsidis	Principal Executive Officer
0001665160-20-000013	5003885	Tall Idea Labs, Inc.	Andy Pandharikar	CEO, Principal Executive Officer and Director, Principal Financial Officer and Principal Accounting Officer
0001669191-20-000002	5003904	StemSation International, Inc	Ray C.  Carter, Jr.	Principal Executive Officer
0001797667-20-000001	5003905	Degrees Plato LLC	Richard Allen	Co-Owner
0001666102-20-000003	5003887	Coinseed, Inc.	Sukhbat Lkhagvadorj	Founder, CFO
0001665160-20-000014	5003888	Lettuce Networks, Inc.	Yogesh Sharma	CEO, Principal Executive Officer, Director, Principal Financial Officer and Principal Accounting Officer
0001665160-20-000015	5003906	Keezel, Inc.	Friso Schmid	CFO, Principal Financial Officer and Principal Accounting Officer
0001665160-20-000016	5003889	Eclipse Diagnostics Inc	Luka Fajs	CEO, Principal Executive Officer and Director, Principal Financial Officer and Principal Accounting Officer
0001665160-20-000018	5003890	Phormed Inc	McCoy Moretz	CEO, Principal Executive Officer and Director, Principal Financial Officer and Principal Accounting Officer
0001746059-20-000001	5003891	Kookoonelli, Inc.	Nassy Mornaghi	Owner and Founder
0001791279-20-000001	5003892	Hen Fruit LLC	Jacqueline Schoedel	Co-Owner
0001791279-20-000002	5003907	Creative Coffee & Supply LLC	Carmen Swasey	Owner
0001746059-20-000002	5003893	Peak Performance Nutrition LLC	Adam Davis	Owner and Founder
0001791279-20-000003	5003894	Rolling Pepperoni LLC	Katherine Schuler	Owner
0001746059-20-000003	5003908	Lucky Goat Brewing LLC	Kendall Peabody	Owner and CoFounder
0001783004-20-000001	5003897	SkyHi Travel, Inc.	/s/ Rama Poola	CEO
0001665160-20-000020	5003896	Dermal Photonics Corporation	David Bean	CEO, Principal Executive Officer and Director, Principal Financial Officer and Principal Accounting Officer
0001766521-20-000001	5003895	SleepChoices LLC	/s/Philip Shen	Chief Executive Officer
0001665160-20-000023	5003898	Dermal Photonics Corporation	David Bean	CEO, Principal Executive Officer and Director, Principal Financial Officer and Principal Accounting Officer
0001716822-20-000001	5003909	70 Million Resources, Inc.	/s/ Richard Bronson	CEO, Director
0001797667-20-000002	5003910	Degrees Plato LLC	Richard Allen	Co-Owner
0001746059-20-000004	5003899	WORKROOM FEMCIETY INC.	Ahfeeyah Thomas	Owner and Founder
0001716822-20-000003	5003900	70 Million Resources, Inc.	/s/ Richard Bronson	CEO, Director
0001791548-20-000001	5003911	Natural Selection Nutrition, LLC	Alexander Grow	CEO
0001665160-20-000025	5003912	Dapper Boi, Inc.	Victoria Pasche	CEO, Principal Executive Officer and Director, Principal Financial Officer and Principal Accounting Officer
0001752109-20-000002	5003913	ROOTS & VINE PRODUCE & CAFE, INC	Ena Jones	President /CEO
0001665160-20-000028	5003901	PT Motion Works, Inc.	Bryan Pate	CEO, Principal Executive Officer and Director, Principal Financial Officer and Principal Accounting Officer
0001669191-20-000006	5003914	Shockwave Motors, Inc.	John McMillian	Principal Executive Officer
0001799343-20-000001	5003915	Go Buddha LLC	Joshua Ingraham	Owner/Chef
0001797667-20-000003	5003902	Degrees Plato LLC	Richard Allen	Co-Owner
0001670254-20-000004	5003903	Brackett Productions LLC	Gary Brackett	CEO
0001670254-20-000006	5003916	Chicks With Class LLC	Margo Jordan-Baines	Founder
0001665160-20-000029	5003924	VLISO, inc.	David Obasiolu	CEO, Principal Executive Officer and Director, Principal Financial Officer and Principal Accounting Officer
0001665160-20-000030	5003917	GoSun Inc.	Patrick Sherwin	CEO, Principal Executive Officer and Director, Principal Financial Officer and Principal Accounting Officer
0001665160-20-000031	5003918	Vizrom Inc.	Emmanuel Umoh	CEO, Principal Executive Officer and Director,Principal Financial Officer and Principal Accounting Officer
0001665160-20-000033	5003925	Outbound Brewing Inc.	Marty Reed	CEO, Founder, Principal Executive Officer and Director, Principal Financial Officer and Principal Accounting Officer
0001716822-20-000004	5003926	70 Million Resources, Inc.	/s/ Richard Bronson	CEO, Director
0001715013-20-000001	5003919	Edge Tech Labs, LLC	Shaun Masavage	CEO
0001732447-20-000001	5003927	Gather Voices, Inc.	Michael Hoffman	Secretary
0001765975-20-000001	5003920	Patio Bar One, LLC	David Brendan Murphy	Manager
0001765975-20-000002	5003921	Patio Bar One, LLC	David Brendan Murphy	Manager
0001790166-20-000001	5003922	Compound Projects, LLC	Janine Yorio	Chief Executive Officer
0001665160-20-000034	5003928	Clearwater Distilling Co LLC	Matt Eau Claire	CEO, Principal Executive Officer and Director, Principal Financial Officer and Principal Accounting Officer
0001665160-20-000035	5003929	SanMelix Laboratories, Inc	Diana Sabacinski	CEO, Principal Executive Officer and Director, Principal Financial Officer and Principal Accounting Officer
0001775091-20-000001	5003930	420 Real Estate, LLC	Willard L. Jackson Jr., by Sean Fuellhart POA	CEO
0001669191-20-000008	5003931	Dome Audio Inc.	Benjamin White	Principal Executive Officer
0001669191-20-000010	5003923	Global Cancer Technology, Inc	John Clark	Principal Executive Officer
0001669191-20-000012	5003932	Neurotez Inc.	Nikolaos Tezapsidis	Principal Executive Officer
0001793344-20-000007	5003933	Vivosens Inc.	Miray Tayfun	CEO
0001793344-20-000008	5003944	Pistil & Pollen, LLC	Amy Dannemiller	Chief Executive Officer
0001746059-20-000005	5003934	Cooks & Farmers LLC	Michael Arrington	Owner and Founder
0001787023-20-000001	5003945	LEAF & ASH LLC	Stephanie Bryan	CEO
0001746059-20-000006	5003935	Association of Child Daycare Providers, Inc.	Monica Wright	Owner and Founder
0001706937-20-000005	5003946	WhereBy.Us Enterprises, Inc	Christopher Sopher	CEO, President, Director
0001797650-20-000001	5003936	Woofy, Inc.	Arjun Rai	President, Director
0001706937-20-000006	5003937	Buff Bake, Inc.	Ryan Queen	Co-President
0001706937-20-000008	5003938	WhereBy.Us Enterprises, Inc	Christopher Sopher	CEO, President
0001665160-20-000038	5003947	Waverly Labs Inc.	Andrew Ochoa	CEO, Principal Executive Officer and Director, Principal Financial Officer and Principal Accounting Officer
0001665160-20-000040	5003948	StorEn Technologies	Carlo Brovero	CEO, President, Chief Executive Officer, Treasurer, Principal Financial Officer and Principal Accounting Officer
0001665160-20-000041	5003949	StorEn Technologies Inc.	Carlo Brovero	CEO, President, Chief Executive Officer, Treasurer, Principal Financial Officer and Principal Accounting Officer
0001706937-20-000009	5003950	WhereBy.Us Enterprises, Inc	Christopher Sopher	CEO, President, Director
0001746059-20-000007	5003951	Motherboard, Inc.	Albert Harlow	Owner and Founder
0001746059-20-000008	5003953	TheTeSpa LLC	Alexis Jones	Founder & CEO
0001798376-20-000001	5003954	Sharswood 1CF,LLC	Gregory Reaves	Co-manager of manager, Sharswood 1 SPNSRS,LLC
0001792640-20-000001	5003952	Flowerbee Group, Inc	Jonathan Macri by Sean Fuellhart POA	CEO
0001746059-20-000009	5003955	Chivanada, LLC	Daniel Yarzagaray	Owner and CoFounder
0001746059-20-000010	5003956	Naked River Brewing Co LLC	Robert Raulston	Owner and Founder
0001746059-20-000012	5003957	TB Duvall, LLC	Tayo Bailey-Duvall	Owner and Founder
0001746059-20-000014	5003975	4210 Charlotte Partners, LLC	Louisa Green	Owner and Founder
0001746059-20-000015	5003976	Tempo, LLC	Javier Solis	Owner and CoFounder
0001791747-20-000001	5003958	Oomi Inc.	/s/ Obi Onyejekwe	CEO
0001788657-20-000001	5003959	Flowh, Inc.	Eric Darst	CEO
0001581437-20-000001	5003960	DIGITAL DREAM LABS, LLC	H. Jacob Hanchar	Chief Executive Officer
0001800155-20-000001	5003961	Sits N Wiggles Dog Daycare N Training, LLC	Valarie Ross	Co-Owner
0001792930-20-000001	5003977	Padlist, Inc.	Blake Van Leer	Chief Executive Officer
0001793868-20-000001	5003962	Porky's LLC	Nicholas Weiss	Co-Owner
0001798823-20-000001	5003978	Wine Collective, LLC	Enrique Pallares	Co-Owner
0001669191-20-000014	5003979	AwayZone, Inc.	LaToya Johnson	Principal Executive Officer
0001665160-20-000043	5003963	Atlis Motor Vehicle Inc.	Mark Hanchett	CEO, Principal Executive Officer and Director, Principal Financial Officer and Principal Accounting Officer
0001668287-20-000001	5003980	Actual Natural Health & Wellness Products, Inc.	Paul Lobel	CEO
0001668287-20-000002	5003981	Hospitality Innovated, LLC	Yannis Moati	CEO
0001665160-20-000044	5003964	PlantSnap, Inc.	Eric Ralls	CEO, Principal Executive Officer and Director, Principal Financial Officer and Principal Accounting Officer
0001665160-20-000045	5003965	Parallel Flight Technologies, Inc.	Joshua Resnick	CEO, Principal Executive Officer and Director, Principal Financial Officer and Principal Accounting Officer
0001746059-20-000016	5003966	Amazing Pizza LLC	Jacqueline Field	Owner and Founder
0001669191-20-000017	5003967	AwayZone, Inc.	LaToya Johnson	Principal Executive Officer
0001670254-20-000014	5003968	The Greatest Adventures On Earth, LLC	Daryn Hillhouse	Co-Founder & CEO
0001670254-20-000016	5003982	eCarra, LLC	Rock Robinson	CEO
0001670254-20-000039	5003988	Black Sands Entertainment Inc.	Manuel Godoy	CEO
0001796828-20-000002	5003983	3204 Lyons Avenue LLC	Chris Senegal	President/CEO
0001670254-20-000021	5003986	Elite Amateur Fight League, Inc.	Jesse Nunez	Founder / Executive Producer, Marine Corps Veteran
0001670254-20-000026	5003987	Mammalz, PBC	Alexander Finden	Co-Founder, COO
0001670254-20-000041	5003989	Delsure Health Insurance Inc.	Abbas Bayat	Founder, CEO
0001670254-20-000048	5003970	Neurohacker Collective, LLC	James Schmachtenberger	CEO
0001670254-20-000046	5003990	Proper Good Inc	Christopher Jane	Founder & CEO
0001670254-20-000019	5003984	GIFTWITH Inc	Eshed Doni	CEO and Founder
0001784247-20-000002	5003985	DreamVentures Women & Minority Developers, LLC	John Whatley	President/CEO
0001670254-20-000036	5003969	California Kebab PB Restaurant LLC	Alex Pierson	Managing Member
0001665160-20-000046	5003991	Metai Knights Media Inc	Dele Atanda	CEO, Principal Executive Officer and Director, Principal Financial Officer and Principal Accounting Officer
0001783580-20-000001	5003992	Ember Fund LLC	Alex Wang	Chief Executive Officer, Director
0001783580-20-000002	5003993	Ember Fund LLC	Alex Wang	Chief Executive Officer, Director
0001780439-20-000001	5003994	Kansas City Breweries Co LLC	Terri Louise Bricker	President
0001748372-20-000002	5003995	Feast & Fettle, Inc.	Carlos Ventura	CEO
0001736423-20-000005	5003996	Acciyo, Inc.	Anum Hussain	CEO & Director
0001668287-20-000003	5003971	Actual Natural Health & Wellness Products, Inc.	Paul Lobel	CEO & President
0001755767-20-000001	5003972	Cyber Consumer Club Corp	Al Mughairy by Sean Fuellhart POA	CEO
0001704205-20-000001	5003997	Ideal Conceal, Inc.	Kirk Kjellberg	CEO
0001670254-20-000050	5003973	Strengths, Inc.	Paul Allen	Founder and CEO
0001670254-20-000053	5003998	CB Auto Group, Inc.	John A Perez	CEO & Chairman
0001774858-20-000001	5003974	Project JAM INC.	Anthony Livadas	COO
0001746059-20-000017	5004015	IYLIA, LLC	Layla-Joy Williams	Founder & CEO
0001746059-20-000018	5004016	Unlocal Beer Company, LLC	Andrew Jerry	Founder
0001791558-20-000001	5004017	EME Squared LLC	Eric Earnest	Owner
0001791558-20-000002	5003999	K.B.I. LLC	Philip Knight	Owner
0001791558-20-000003	5004018	CE Communitas, LLC	Craig Cozza	Owner
0001791558-20-000004	5004000	Work Hard Digital Services LLC	Jason Philips	Member
0001791558-20-000005	5004019	Oakmont Barbeque Co LLC	Ken Shields	Owner
0001791558-20-000006	5004020	Cissonius Corp	Karl Horn	Owner
0001791558-20-000007	5004021	Camino Kombucha Co.	Nohra Murad	Owner
0001746059-20-000019	5004022	M.R.R Rest LLC	Samson Romeo Regalli	Owner and CoFounder
0001670254-20-000055	5004023	SunState Laboratories, Inc.	David Shahan	Founder / CEO
0001700943-20-000001	5004024	Plei, Inc.	/s/ Sebastian Duque	CEO, Director
0001792115-20-000001	5004025	Sprout CF Fund, Inc.	Joshua Carr	President
0001670254-20-000057	5004026	Subverse Inc.	Bill Ottman	CIO
0001799231-20-000001	5004002	HAZN, Inc	Elias Tobias	CEO
0001796532-20-000002	5004001	Edison Golf Co	Terry Koehler	Chairman
0001780439-20-000003	5004027	Aviana Holdings Inc	Vanaja Vijaya Ragavan	President and CEO
0001665160-20-000047	5004028	Rhino Hide LLC	Jason Giddings	CEO, Principal Executive Officer and Director, Principal Financial Officer and Principal Accounting Officer
0001665160-20-000048	5004029	WaterRR, Inc	Bruce Kania	Chief Executive Officer, Principal Executive Officer, Director
0001670254-20-000060	5004030	LAWRENCEVILLE PLASMA PHYSICS, INC.	Eric J. Lerner	President and Chief Scientist
0001670254-20-000061	5004031	Social Study Media LLC	Russell Greene	Founder and CEO
0001670254-20-000064	5004003	Shark Wheel, Inc.	Zack Fleishman	Chief Operating Officer
0001670254-20-000065	5004032	Learn with ORION LLC	Christine Outram	Chief Executive Officer
0001746059-20-000020	5004033	De Carolis Brothers Cyclists LLC	Luca De Carolis	Owner and CEO
0001670254-20-000069	5004034	Skeptic Distillery Co.	Karl C Loepke	President
0001670254-20-000070	5004035	Shark Wheel, Inc.	Zack Fleishman	Chief Operating Officer
0001785115-20-000001	5004036	Boring Life Inc	/s/ Serafina Palandech	CEO, Director
0001798376-20-000003	5004004	Sharswood 1CF,LLC	Gregory Reaves	Co-manager of manager, Sharswood 1 SPNSRS,LLC
0001665160-20-000051	5004005	Geoship SPC	Morgan Bierschenk	CEO, Principal Executive Officer and Director, Principal Financial Officer and Principal Accounting Officer of Geoship SPC
0001669191-20-000019	5004037	Kings Crowd LLC	Christopher Lustrino	Principal Executive Officer
0001798376-20-000004	5004006	Sharswood 1CF,LLC	Gregory Reaves	Co-manager of manager, Sharswood 1 SPNSRS,LLC
0001746059-20-000021	5004007	INFIN8 SKATES ROLLER RINK INC.	Rasheeda Wallace	Founder & CEO
0001669191-20-000020	5004008	Attorney Et Al. Inc.	MICHAEL GABRIEL	Principal Executive Officer
0001795289-20-000001	5004038	Trimpakt, Inc.	Jonathan Restelli	Co Founder, CEO
0001665160-20-000052	5004041	Life Imaging Fla, Inc.	J. Thomas Graham	CEO, Principal Executive Officer and Director, Principal Financial Officer and Principal Accounting Officer
0001790658-20-000001	5004039	Apex Memorial, LP	Jeremy Sanders	Manager of its General Partner, Triumph Franchise Management, LLC
0001790657-20-000001	5004040	Apex Tex-Katy, LP	Jeremy Sanders	Manager of its General Partner, Triumph Franchise Management, LLC
0001665160-20-000054	5004042	Elevate Nutrition Inc.	Paul Salomone	COO, Co-Founder, Director, Principal Financial Officer and Principal Accounting Officer
0001669191-20-000022	5004043	StemSation International, Inc	Ray C.  Carter, Jr.	Principal Executive Officer
0001669191-20-000024	5004009	SelenBio, Inc.	Kenny Gallagher	Principal Executive Officer
0001669191-20-000027	5004010	Raveler Inc	Jaime  van Schyndel	Principal Executive Officer
0001669191-20-000029	5004044	Attorney Et Al. Inc.	MICHAEL GABRIEL	Principal Executive Officer
0001665160-20-000055	5004045	Atmos Home Inc.	Mark Lyle	CEO, Principal Executive Officer and Director, Principal Financial Officer and Principal Accounting Officer
0001665160-20-000056	5004046	The Fantasy Network Corporation	Ronald B Newcomb	CEO, Principal Executive Officer and Director
0001665160-20-000061	5004012	An Angry Boy Inc.	Andrew Fitzgerald	CEO, Principal Executive Officer and Director, Principal Financial Officer and Principal Accounting Officer
0001665160-20-000059	5004011	The Fantasy Network Corporation	Ronald B Newcomb	CEO, Principal Executive Officer and Director
0001788691-20-000001	5004013	BioLargo Water Investment Group, Inc.	Dennis Calvert	President and CEO
0001669191-20-000031	5004047	THB Holdco, LLC	Christopher Darnell	Principal Executive Officer
0001669191-20-000033	5004014	THB Holdco, LLC	Christopher Darnell	Principal Executive Officer
0001665160-20-000063	5004048	Called Higher Studios, Inc.	Jason Brown	CEO, Principal Executive Officer and Director, Principal Financial Officer and Principal Accounting Officer
0001755873-20-000001	5004055	Visuwall Technologies Inc.	/s/Kobi Wu	Director & Chief Executive Officer
0001790424-20-000001	5004049	GreenZone Pharms	Daniel Marlow	CEO
0001670254-20-000071	5004075	Fuchsia Shoes Inc	Afshan Abbas	CEO
0001746059-20-000023	5004050	Tipsy Cupcakes RVA LLC	Charmesha Cousins	Owner and CoFounder
0001746059-20-000024	5004051	G Wagner Restaurants LLC	Wagner Garcia	Owner and CoFounder
0001665160-20-000065	5004052	My French Connection, Inc.	Jessica Barouche	CEO, Principal Executive Officer and Director, Principal Financial Officer and Principal Accounting Officer
0001746059-20-000025	5004053	Association of Child Daycare Providers, Inc.	Monica Wright	Owner
0001746059-20-000026	5004054	9 MILES EAST SARATOGA LLC	Gordon Sacks	Founder & CEO
0001765252-20-000002	5004095	QWIKLEAF LLC	Neil Biafore	Founder / CEO
0001777274-20-000003	5004076	Oracle Health Inc.	Jaeson Bang	CEO, Founder
0001746059-20-000027	5004077	9 MILES EAST SARATOGA LLC	Gordon Sacks	Founder & CEO
0001785164-20-000001	5004078	Green Growth Real Estate, LLC	Neil Parsan by Sean Fuellhart POA	CEO
0001669191-20-000035	5004096	College Coaching Network Inc.	Claude Harris	Principal Executive Officer
0001788691-20-000006	5004097	BioLargo Water Investment Group, Inc.	Dennis Calvert	President and CEO
0001785943-20-000001	5004079	Status Money Inc.	Majd Maksad	Chief Executive Officer
0001665160-20-000069	5004098	SONDORS Electric Car Company	Storm Sondors	CEO, Principal Executive Officer and Director, Principal Financial Officer and Principal Accounting Officer
0001799769-20-000001	5004080	Egeria Corp	Sedale Turbovsky	President & CEO
0001706939-20-000001	5004099	kulaBrands, Inc.	Peter Gantner	CEO
0001669191-20-000037	5004100	Neurotez Inc.	Nikolaos Tezapsidis	Principal Executive Officer
0001665160-20-000071	5004101	Franny's Manufacturing Inc	Jeff Tacy	CEO, Principal Executive Officer and Director, Principal Financial Officer and Principal Accounting Officer
0001665160-20-000073	5004081	SONDORS Electric Car Company	Storm Sondors	CEO, Principal Executive Officer and Director, Principal Financial Officer and Principal Accounting Officer
0001722137-20-000001	5004082	Upshift Inc.	/s/ Ezra Goldman	Chief Executive Officer, President
0001665160-20-000075	5004083	Soko Group, Inc.	Dave Sokolowski	CEO, Principal Executive Officer and Director, Principal Financial Officer and Principal Accounting Officer
0001665160-20-000079	5004084	Yae! Organics Inc	Lorenzo Holley	CEO, Principal Executive Officer and Director, Principal Financial Officer and Principal Accounting Officer
0001746059-20-000028	5004102	Lucky Goat Brewing LLC	Kendall Peabody	Owner and CoFounder
0001665160-20-000080	5004085	Currency Tracking Technologies LLC	Keith F. Duffy	CEO, Principal Executive Officer and Manager, Principal Financial Officer and Principal Accounting Officer
0001791223-20-000001	5004103	Renu Robotics Corporation	Tim Matus	Chief Executive Officer/President
0001670254-20-000074	5004087	COLORS Oakland LLC	Saru Jayaraman	Founder
0001665160-20-000081	5004104	Icarus Blockchain Group Inc.	Maya Parbhoe	CEO, Principal Executive Officer and Director
0001799973-20-000001	5004086	Dispatch Goods, Inc.	/s/ Lindsey Hoell	CEO, Director
0001665160-20-000082	5004105	Toy Overlord, Inc.	Matt Westover	CEO, Principal Executive Officer and Director, Principal Financial Officer and Principal Accounting Officer
0001794960-20-000001	5004106	Fashwire Inc.	/s/ Kimberly Carney	CEO
0001771551-20-000001	5004107	Secure Solar Capital LLC	Anthony Smith	Manager
0001669191-20-000039	5004127	College Coaching Network Inc.	Claude Harris	Principal Executive Officer
0001665160-20-000083	5004108	Rayton Solar Inc.	Andrew Yakub	CEO, Principal Executive Officer and Director, Principal Financial Officer and Principal Accounting Officer
0001665160-20-000084	5004109	SmartSoda Holdings, Inc.	Lior Shafir	CEO, Principal Executive Officer and Director, Principal Financial Officer and Principal Accounting Officer
0001665160-20-000085	5004110	El Tinieblo International, Inc.	Brian Gale	CEO, Principal Executive Officer and Director
0001801610-20-000001	5004111	Pure Green Franchise Corp	/s/ Ross Franklin	Chief Executive Officer (Principal Executive and Financial Officer)
0001677504-20-000001	5004128	Fama Financial Holdings, Inc.	Saiful Khandaker	CEO
0001801610-20-000002	5004129	Pure Green Franchise Corp	Ross Franklin	Chief Executive Officer and Director
0001670254-20-000078	5004130	LIFOGRAPH, INC.	Dea Wilson	CEO and Founder
0001730486-20-000001	5004112	Thematic, Inc.	Marc Schrobilgen	Chief Executive Officer
0001670254-20-000084	5004113	LIFOGRAPH, INC.	Dea Wilson	CEO and Founder
0001746059-20-000029	5004114	Stoneman Brewery LLC	Justin Korby	Owner and Founder
0001684004-20-000001	5004131	Black Point Seafood, LLC	Mark Murrell	CEO
0001669191-20-000042	5004115	BitMovio, Inc.	Xianming Zhu	Principal Executive Officer
0001793349-20-000001	5004132	Growing Talent LLC	/s/ Rashaan Everett	Manager
0001670254-20-000086	5004116	OSCAR Brands Inc.	Oscar de Vries	CEO & Founder
0001665160-20-000088	5004133	SONDORS Electric Car Company	Storm Sondors	CEO, Principal Executive Officer and Director, Principal Financial Officer and Principal Accounting Officer
0001785626-20-000004	5004117	Zanbazan, LLC	Nargis Mougey	Member
0001746059-20-000031	5004134	Mizen Funeral Home & Cremation Services LLC	Aaron Mizen	Owner and Founder
0001665160-20-000092	5004135	Pacific Integrated Energy, Inc.	Phil Layton	CEO, Principal Executive Officer and Director, Principal Financial Officer and Principal Accounting Officer
0001670254-20-000088	5004118	Curastory Inc.	Tiffany Kelly	Founder & CEO
0001670254-20-000094	5004119	Snake Oil Song, LLC	Micah Van Hove	Director/Producer
0001670254-20-000099	5004121	Fasty Fresh, Inc.	Rick Richman	Founder CEO
0001670254-20-000104	5004136	Natural Machines, Inc	Emilio Sepulveda	Co-Founder and CEO
0001670254-20-000101	5004122	Calyx Cultivation Tech. Corp.	John C Higgins	President/CEO
0001670254-20-000096	5004120	Video Yearbook, Inc.	Nam Mokwunye	Founder/Chief Catalyst
0001669191-20-000045	5004137	Deuce Drone LLC	Rhett Ross	Principal Executive Officer
0001669191-20-000047	5004138	Attorney Et Al. Inc.	MICHAEL GABRIEL	Principal Executive Officer
0001665160-20-000100	5004123	Noble Naturals	David Allred	CEO, Principal Executive Officer and Director, Principal Financial Officer and Principal Accounting Officer
0001665160-20-000101	5004139	GLOW Beverages, inc.	John Larson	CEO, Principal Executive Officer and Director, Principal Financial Officer and Principal Accounting Officer
0001665160-20-000102	5004140	Wand USA Inc.	Andrew Schlack	CEO, Principal Executive Officer and Director
0001790689-20-000001	5004141	Another Round LLC	Gary Kendall Spence	Manager
0001789878-20-000001	5004142	Giant Leap Coffee, LLC	Logan Beck	President
0001794484-20-000001	5004124	Alpha'a, Inc.	/s/ Manuela Seve	Chief Executive Officer
0001670254-20-000106	5004125	GenesisAI Corporation	Archil Cheishvili	CEO
0001670254-20-000107	5004143	Galactic Adventures, Inc.	Frank Zanca	CFO
0001802577-20-000002	5004126	Michael James Ferguson Jr Foreign Private Trust	Noble Mikhail JM Firdaus El	Executive Ruler/Treasurer/Foreign Minister
0001669191-20-000049	5004144	BumBee Designs Incorporated	James Canova	Principal Executive Officer
0001746059-20-000032	5004145	Naked River Brewing Co LLC	Robert Raulston	Owner and Founder
0001790166-20-000004	5004147	Compound Projects, LLC	Janine Yorio	Chief Executive Officer
0001665160-20-000104	5004146	Trella Technologies LLC	Aja Atwood	CEO, Principal Executive Officer and Manager, Principal Financial Officer and Principal Accounting Officer
0001669191-20-000051	5004148	College Coaching Network Inc.	Claude Harris	Principal Executive Officer
0001789369-20-000001	5004149	Clee Wellness LLC	Caroll Lee	Manager
0001746059-20-000033	5004150	Kin Tap & Rec Room, LLC	Elizabeth Castellana	Owner and Founder
0001759332-20-000001	5004151	Persona Network, Inc.	Colby Schaeffer	CFO
0001654300-20-000001	5004152	ChoiceTrade Holdings, Inc.	Neville Golvala	CEO
0001665160-20-000105	5004153	Liberty PlugIns, Inc.	Chris Outwater	CEO, Principal Executive Officer and Director
0001792116-20-000001	5004167	2270 Platt LLC	Joseph Jonna	Co-Manager
0001554477-20-000002	5004168	Thuzio, Inc.	Jared Augustine	Chief Executive Officer
0001665160-20-000106	5004154	Thalia Brands, Inc.	Chris Bradley	CEO, Principal Executive Officer and Director, Principal Financial Officer and Principal Accounting Officer
0001797565-20-000001	5004169	BioPact Cellular Transport, Inc.	Kurt Swogger	CEO and President
0001554477-20-000003	5004170	Woofy, Inc.	Arjun Rai	President, Director
0001665160-20-000109	5004155	Thoughtfull Toys, Inc.	David Silverglate	CEO, Principal Executive Officer and Director, Principal Financial Officer and Principal Accounting Officer
0001746059-20-000034	5004156	Avalon Lounge & Game Cafe, Inc.	Melissa Lewis-Gentry	Owner and CoFounder
0001665160-20-000112	5004157	GoBQ Grills, Inc.	Todd Zaroban	CEO, Principal Executive Officer and Director, Principal Financial Officer and Principal Accounting Officer
0001746059-20-000036	5004158	Rai Family Enterprises	Biplaw Rai	Owner and CoFounder
0001798833-20-000002	5004159	Blacklist Equity Fund, LLC	Fahad Rajput	Manager
0001665160-20-000114	5004160	GoBQ Grills, Inc.	Todd Zaroban	CEO, Principal Executive Officer and Director, Principal Financial Officer and Principal Accounting Officer
0001722197-20-000001	5004171	INDECO UNION	David Levine	Chief Executive Officer
0001213900-20-003498	5004161	Steve's Gym LLC	William Zanker	Chief Executive Officer
0001746059-20-000037	5004162	Plum Island Grille, Inc.	Francis Broadberry	Owner
0001665160-20-000122	5004172	Baqua Inc.	Sandra W. Marlowe	Chairman & CEO
0001665160-20-000124	5004173	Baqua	Sandra W. Marlowe	Chairman & CEO
0001746059-20-000039	5004174	Enthrall Capital Investments LLC	Mike Pirtle	Owner and CoFounder
0001665160-20-000127	5004163	Baqua, Incorporated	Sandra W. Marlowe	Chief Executive Officer
0001746059-20-000041	5004164	Bullfinch Brewpub, LLC	David Collins	Owner and Founder
0001740075-20-000001	5004175	Ecoventz Inc.	Andreas Roussos	CEO
0001746059-20-000043	5004176	TRISKELE VENTURES INC.	Charles Morgridge	Owner and Founder
0001790424-20-000002	5004177	GreenZone Pharms	Daniel Marlow	CEO
0001670254-20-000113	5004165	Live Free Foods Inc	Scot Savarese	Founder/CEO
0001670254-20-000110	5004178	Mindcurrent Inc.	Sourabh Kothari	CEO, CFO, CMO
0001746725-20-000001	5004179	Veptas Technology Solutions, Inc	John C. George	CFO
0001746725-20-000002	5004166	Veptas Technology Solutions, Inc	John C. George	CFO
0001669191-20-000053	5004187	We Are Kula, LLC	Vaughan Dugan	Principal Executive Officer
0001799584-20-000003	5004188	Wearwell, Inc.	Erin Houston	CEO & Director
0001665160-20-000129	5004180	microsurgeonbot,inc	Allan Grosvenor	CEO, Principal Executive Officer, Director, Principal Financial Officer and Principal Accounting Officer
0001665160-20-000130	5004189	VLISO, inc.	David Obasiolu	CEO, Principal Executive Officer and Director, Principal Financial Officer and Principal Accounting Officer
0001670254-20-000116	5004181	Anthony's Cookies, Inc	Anthony Lucas	CEO
0001665160-20-000131	5004190	Tall Idea Labs, Inc.	Anand (Andy) Pandharikar	Founder and CEO
0001670254-20-000119	5004183	Kazoo LLC	Peter J Goodman	President & COO, Co-Founder
0001670254-20-000124	5004185	Nick's Sport LLC	Scott Brown	CEO
0001670254-20-000122	5004184	Hospitality Innovated, LLC	Yannis Moati	CEO and Founder
0001780122-20-000001	5004182	Genobank.io Inc	/s/ Daniel Uribe	Chief Executive Officer, President, Secretary, Director
0001683168-20-000521	5004191	Jasperate, Inc.	/s/ David Weksel	CEO
0001669191-20-000055	5004192	Global Cancer Technology, Inc	John Clark	Principal Executive Officer
0001798823-20-000002	5004186	Wine Collective, LLC	Enrique Pallares	Co-Owner
0001779032-20-000001	5004207	Salsa God LLC	Erik D. Mayans	CEO, Managing Member
0001746059-20-000045	5004208	Cocktail Parlor LLC	Courtney McKamey	Owner and Founder
0001746059-20-000046	5004193	Peak Performance Nutrition LLC	Adam Davis	Owner and Founder
0001669191-20-000057	5004194	Global Cancer Technology, Inc	John Clark	Principal Executive Officer
0001669191-20-000059	5004209	Shockwave Motors, Inc.	John McMillian	Principal Executive Officer
0001665160-20-000134	5004210	Baqua, Incorporated	Sandra W. Marlowe	Chief Executive Officer
0001777476-20-000001	5004211	Mighty Quinn's Holdings LLC	Micha Magid	Co-Founder, Co-CEO
0001665160-20-000136	5004196	NetObjex, Inc.	Raghu Bala	CEO, Principal Executive Officer and Director, Principal Financial Officer and Principal Accounting Officer
0001670254-20-000127	5004195	Stages Film LLC	Henry Proegler	Producer
0001670254-20-000131	5004212	Comsero, Inc.	Anthony Franco	CEO
0001802485-20-000001	5004197	Upper Row LLC	Anthony Thompson II	Co-Owner
0001665160-20-000137	5004213	Waverly Labs Inc	Andrew Ochoa	CEO, Principal Executive Officer and Director, Principal Financial Officer and Principal Accounting Officer
0001665160-20-000138	5004214	Hylete, Inc.	Ron Wilson	CEO, Principal Executive Officer and Director, Principal Financial Officer and Principal Accounting Officer
0001665160-20-000139	5004198	Roy Jones Jr. Promotions, inc.	Keith Veltre	CEO, Principal Executive Officer and Director, Principal Financial Officer and Principal Accounting Officer
0001708246-20-000001	5004215	Jetoptera, Inc.	Denis Dancanet	CEO
0001802569-20-000001	5004216	Xin Chao LLC	Tony Nguyen	Managing Member
0001746059-20-000047	5004217	POPOVER KING LLC	Coco Cabuquit-Love	Owner and Founder
0001746059-20-000048	5004218	True Wines LLC	Zulema Mejia	Owner and Founder
0001746059-20-000049	5004199	Van Sicklen Group	James Van Sicklen	Founder
0001746059-20-000050	5004219	Parm Shop Inc.	John Malanka	Owner and Founder
0001746059-20-000051	5004200	Father & Son Mobile Business	Ugur Yilmaz	Owner and Founder
0001746059-20-000052	5004201	Girls Chronically Rock LLC	Keisha Greaves	Owner and Founder
0001796295-20-000001	5004202	Nuu Rez Inc	Noelle Randall	CEO
0001665160-20-000141	5004203	Skunk Brothers Spirits Inc.	Scott Donoho	CEO, Principal Executive Officer and Director, Principal Financial Officer and Principal Accounting Officer
0001669191-20-000061	5004204	Neurotez Inc.	Nikolaos Tezapsidis	Principal Executive Officer
0001730486-20-000002	5004205	Thematic, Inc.	/s/ Marc Schrobilgen	Chief Executive Officer
0001665160-20-000143	5004206	SmartSoda Holdings, Inc.	Lior Shafir	CEO, Principal Executive Officer and Director, Principal Financial Officer and Principal Accounting Officer
0001670254-20-000134	5004227	SunState Laboratories, Inc.	David Shahan	Founder / CEO
0001669191-20-000063	5004220	StemSation International, Inc	Ray C.  Carter, Jr.	Principal Executive Officer
0001669191-20-000067	5004221	Acquire Skills and Knowledge Education Inc.	Ruth Nemire	Principal Executive Officer
0001804000-20-000002	5004228	ShareRoute Ltd.	Neil Kummer	CEO
0001777476-20-000002	5004229	Mighty Quinn's Holdings LLC	Micha Magid	Co-Founder, Co-CEO
0001803912-20-000001	5004230	CADRAFTTECH LLC	Oscar Delgado	Co-Owner
0001792121-20-000002	5004222	Event Hollow, Inc.	/s/ Jennifer Edmon	Chief Executive Officer
0001665160-20-000149	5004223	LaneAxis, Inc.	Rick Burnett	CEO, Principal Executive Officer and Director, Principal Financial Officer and Principal Accounting Officer
0001665160-20-000151	5004231	Metai Knights Media Inc	Dele Atanda	CEO, Principal Executive Officer and Director, Principal Financial Officer and Principal Accounting Officer
0001665160-20-000152	5004232	Phillips Entertainment Group Inc	Ray Phillips	CEO, Principal Executive Officer and Director, Principal Financial Officer and Principal Accounting Officer
0001773714-20-000001	5004224	Core State Holdings Corp	Oleg Cheine	CEO
0001670254-20-000139	5004225	N&L Work App LLC	Landy Abreus	CEO
0001746059-20-000053	5004226	WORKROOM FEMCIETY INC.	Ahfeeyah Thomas	Owner and Founder
0001670254-20-000148	5004248	Entergage Inc.	Nathen Mazri	Co-Founder - Chief Entergage Officer
0001779318-20-000002	5004234	Fleeting,Inc.	Pierre Laguerre	Founder & CEO
0001782749-20-000002	5004247	Tallyfy, Inc.	/s/ Amit Kothari	CEO, President, Secretary
0001670254-20-000151	5004249	MagNet Analytics, Inc.	Eduardo Alvarez	CEO
0001670254-20-000144	5004233	Stanton South, LLC	Matt Lindner	CEO
0001746059-20-000054	5004235	SAIL TO TRAIL LLC	Christopher Simpson	Owner and Founder
0001749594-20-000001	5004250	Asarasi, Inc.	Adam North Lazar	Chief Executive Officer
0001802485-20-000002	5004236	Upper Row LLC	Anthony Thompson II	Co-Owner
0001801721-20-000001	5004237	Veltrav LLC	Mark Voysey	CEO
0001789937-20-000001	5004251	RoRak LLC	Ana Rojas Bastidas	Founder/CEO
0001665160-20-000155	5004238	Skinz Inc	Gary Kleinman	CEO, Principal Executive Officer, and Director
0001718354-20-000001	5004239	Green Pinata LLC	Shivashankari Kashalkar	CEO
0001780439-20-000004	5004240	CYDigital, Inc.	John Patrick Rizzo	CTO
0001790042-20-000001	5004252	Lieu Ltd	Rebecca Lima	Chief Executive Officer
0001790042-20-000002	5004241	Lieu Ltd	Rebecca Lima	Chief Executive Officer
0001802096-20-000006	5004253	Teooh, Inc.	Brandon Stein	CEO & Director
0001654300-20-000002	5004254	ChoiceTrade Holdings, Inc.	Neville Golvala	CEO
0001743601-20-000001	5004255	Building Economic Advancement Network Corp	Darren V. Walker	CEO
0001670254-20-000153	5004256	Eat Good Do Good, LLC	John Sorial	Founder & Managing Partner
0001795615-20-000001	5004242	Hemp Real Estate Investments, Inc.	TARIQ KHAN	CEO
0001755767-20-000002	5004257	Cyber Consumer Club Corp	Al Mughairy by Sean Fuellhart POA	CEO
0001802465-20-000002	5004258	Tyla-Simone's Wings LLC	/s/Monique Crayton	Sole Member, COO
0001666102-20-000004	5004243	Coinseed, Inc.	Sukhbat Lkhagvadorj	Founder, CFO
0001780439-20-000005	5004259	Vector Brewing, LLC	Susan Veronica Bradley	Owner/Manager
0001795322-20-000001	5004260	Ronin Harrisburg LLC	Nebyou Bedru	Managing Member
0001759332-20-000002	5004261	Persona Network, Inc.	Colby Schaeffer	CFO
0001708246-20-000003	5004244	Jetoptera, Inc.	Denis Dancanet	CEO
0001665160-20-000157	5004262	Geoship SPC	Morgan Bierschenk	CEO, Principal Executive Officer and Director, Principal Financial Officer and Principal Accounting Officer of Geoship SPC
0001213900-20-004806	5004263	Paul Koenig	/s/ Paul Koenig	Manager and Chief Executive Officer
0001746059-20-000056	5004245	LITTLE RADISH PROVISIONS LLC	Courtney West	Owner and CoFounder
0001780439-20-000006	5004246	Vector Brewing, LLC	Susan Veronica Bradley	Owner/Manager
0001706937-20-000010	5004264	WhereBy.Us Enterprises, Inc	Christopher Sopher	CEO, President, Director
0001665160-20-000159	5004265	WinSanTor, Inc.	Stanley Kim	CEO
0001777274-20-000004	5004287	Oracle Health Inc.	Jaeson Bang	CEO, Founder
0001796110-20-000003	5004288	Rent Yuh Ride LLC	Cherie Williams	Manager/CEO
0001665160-20-000162	5004266	EPILOG IMAGING SYSTEMS INC.	Michael Mojaver	CEO, issuer, principal executive officer, principal financial officer, controller, and principal accounting officer
0001752109-20-000003	5004290	ROOTS & VINE PRODUCE & CAFE, INC	Ena Jones	President/CEO
0001665160-20-000161	5004267	EPILOG IMAGING SYSTEMS INC.	Michael Mojaver	CEO, issuer, principal executive officer, principal financial officer, controller, and principal accounting officer
0001803861-20-000002	5004289	MELANOID EXCHANGE LLC	Jovante Ham	President/CEO
0001746059-20-000058	5004268	ROOM & BOARDS LLC	Scott Pepper	Owner and Founder
0001669191-20-000078	5004269	Zelgor Inc	John Fanning Jr	Principal Executive Officer
0001746059-20-000060	5004270	HOT OVEN COOKIES, LLC	Sheila Coons	Owner and Founder
0001796295-20-000003	5004291	Nuu Rez Inc	Noelle Randall	CEO
0001746059-20-000061	5004271	MONKEY WRENCH BREWING COMPANY, LLC	David Wayne Baxter	CEO & Co-Founder
0001746059-20-000063	5004272	SALEM GNU KITCHEN INC.	Roy Bene	CEO
0001746059-20-000064	5004292	TRISKELE VENTURES INC.	Charles Morgridge	Owner and Founder
0001665160-20-000164	5004273	Reset IV Inc.	Daniel Rubenstein	CEO, Principal Executive Officer and Director
0001665160-20-000167	5004274	Epilog Imaging Systems, Inc.	Michael Mojaver	CEO, Principal Executive Officer and Director, Principal Financial Officer and Principal Accounting Officer
0001665160-20-000169	5004293	STARTENGINE CROWDFUNDING, INC.	/s/ Howard Marks	Chief Executive Officer, Chief Financial Officer, Chief ACcounting Officer and Director
0001665160-20-000172	5004294	Pacific Integrated Energy, Inc.	Phil Layton	CEO, Principal Executive Officer and Director, Principal Financial Officer and Principal Accounting Officer
0001803721-20-000002	5004295	A7FL Inc	Sener Korkusuz	CEO, Principal Executive Officer and Director, Principal Financial Officer and Principal Accounting Officer
0001665160-20-000173	5004296	WinSanTor	Stanley Kim	CEO
0001669191-20-000080	5004275	Global Cancer Technology, Inc	John Clark	Principal Executive Officer
0001665160-20-000175	5004276	Chicas Tacos Holdings, Inc	Chris Blanchard	CEO, Principal Executive Officer
0001665160-20-000177	5004277	Mamie's Pies, Inc.	Kara Romanik	CEO, Principal Executive Officer and Director, Principal Financial Officer and Principal Accounting Officer
0001669191-20-000084	5004278	Puro Trader, Inc	Pierre  Rogers	Principal Executive Officer
0001805075-20-000001	5004279	ScHE Corp	Adrian Scheeren	Co-Owner
0001793079-20-000001	5004280	PiQPiQ, Inc.	/s/ Edward Lerner	CEO, Director
0001670254-20-000156	5004281	Keyno, Inc	Robert J Steinman	Founder & CEO
0001803497-20-000001	5004297	PointBreezeway LLC	Lauren McMillen	Owner
0001213900-20-005020	5004282	Paul Koenig	/s/ Paul Koenig	Manager and Chief Executive Officer
0001795615-20-000002	5004298	Hemp Real Estate Investments, Inc.	Tariq Khan by Sean Fuellhart POA	CEO
0001665160-20-000178	5004283	Currency Tracking Technologies LLC	Keith F. Duffy	CEO, Principal Executive Officer and Manager, Principal Financial Officer and Principal Accounting Officer
0001669191-20-000087	5004285	Kings Crowd LLC	Christopher Lustrino	Principal Executive Officer
0001665160-20-000179	5004284	Divinia Water, Inc.	Steven R Sedlmayr	CEO, Principal Executive Officer and Director and Principal Financial Officer
0001665160-20-000180	5004299	Eight Bridges Brewing, Inc.	George Beardsley	CEO, Principal Executive Officer and Director
0001797667-20-000004	5004300	Degrees Plato LLC	Richard Allen	Co-Owner
0001742131-20-000001	5004301	Engiven, Inc.	James Lawrence	principal executive officer, principal financial officer, principal accounting officer and director
0001765975-20-000003	5004286	Patio Bar One, LLC	David Brendan Murphy	Manager
0001780439-20-000007	5004302	Peeka	Michael Derrick Wong	Owner, Director, Chief Executive Officer
0001690474-20-000002	5004307	Follow-Mee, Inc.	Jose Montero II	Chief Executive Officer
0001690474-20-000004	5004308	MOBILE COOKS LLC	Matthew Kaplan	Manager, CEO
0001665160-20-000181	5004303	Boku International Inc	Lynn Rolle	CEO, Principal Executive Officer and Director, Principal Financial Officer and Principal Accounting Officer
0001665160-20-000184	5004304	Coastal ClimateCase, Inc.	Lisa Lambert	CEO, Principal Executive Officer and Director, Principal Financial Officer and Principal Accounting Officer
0001706429-20-000001	5004306	WANDERING BARMAN LLC	Roxane Mollicchi	CEO, Manager
0001670254-20-000163	5004328	The Freeman Capital Management Holding, Inc.	Calvin Williams	Chief Executive Officer
0001739109-20-000001	5004305	UBIF Tech Solutions Inc	MICHAEL W. PIERCE	PRESIDENT
0001665160-20-000186	5004309	SONDORS Electric Car Company	Storm Sondors	CEO, Principal Executive Officer and Director, Principal Financial Officer and Principal Accounting Officer
0001670254-20-000159	5004327	Lost Spirits Distillery INC	Bryan Davis	Co-Founder & CEO - Board Director
0001669191-20-000090	5004310	College Coaching Network Inc.	Claude Harris	Principal Executive Officer
0001746059-20-000065	5004329	Motherboard, Inc.	Albert Harlow	Owner and CEO
0001805177-20-000001	5004311	SH rental Holdings llc	Tony Larson	CEO
0001783004-20-000003	5004330	SkyHi Travel, Inc.	Rama Poola	Chief Executive Officer
0001669191-20-000092	5004331	StemSation International, Inc	Ray C.  Carter, Jr.	Principal Executive Officer
0001665160-20-000187	5004312	Open Box Buy Corp	Richard Marino	CEO, Principal Executive Officer and Director, Principal Financial Officer and Principal Accounting Officer
0001782185-20-000001	5004314	Frame Media Inc.	Benjamin Moe	Founder, CEO
0001790674-20-000001	5004313	Delee Corp	Liza Paola Velarde Calvillo	Chief Executive Officer
0001805103-20-000001	5004332	McAndrews Restaurants Inc	Debra Driggers	Co-Owner
0001670254-20-000168	5004333	Big Derby Distilling Company, DBA Copperworks Distilling Co.	Jason Parker	Co-Founder/President
0001669191-20-000094	5004315	QuicWit LLC.	Stephon McCoy	Principal Executive Officer
0001746059-20-000066	5004334	Mizen Funeral Home & Cremation Services LLC	Aaron Mizen	Owner and Founder
0001790424-20-000003	5004335	GreenZone Pharms	Daniel Marlow by Sean Fuellhart POA	CEO
0001665160-20-000188	5004316	81-c, Inc.	Dan Abbate	CEO, Principal Executive Officer and Director, Principal Financial Officer and Principal Accounting Officer
0001666102-20-000005	5004336	GLUTE PROS, LLC	Jared Davis	Chief Executive Officer
0001736283-20-000001	5004318	Ample Foods, Inc.	Connor Young	Chief Executive Officer
0001805177-20-000003	5004317	SH rental Holdings llc	Tony Larson	CEO
0001805177-20-000004	5004337	SH rental Holdings llc	Tony Larson	CEO
0001736283-20-000002	5004319	Ample Foods, Inc.	Connor Young	Chief Executive Officer
0001665160-20-000189	5004320	Icarus Blockchain Group Inc.	Maya Parbhoe	CEO, Principal Executive Officer and Director
0001665160-20-000190	5004338	Kebapolis LLC	Grayson M. Laird	CEO, Principal Executive Officer and Director, Principal Financial Officer and Principal Accounting Officer
0001802740-20-000002	5004339	Vidorra VOP LLC	Imran Sheikh	Managing Partner
0001793655-20-000001	5004340	Flexable LLC	Priya Amin	Co-Owner
0001792640-20-000003	5004321	Flowerbee Group, Inc	Jonathan Macri by Sean Fuellhart POA	CEO
0001746059-20-000067	5004341	G Wagner Restaurants LLC	Wagner Garcia	Owner and CoFounder
0001746059-20-000068	5004342	TheTeSpa LLC	Alexis Jones	Owner and Founder
0001746059-20-000069	5004322	Tipsy Cupcakes RVA LLC	Charmesha Cousins	Owner and CoFounder
0001746059-20-000070	5004323	9 MILES EAST SARATOGA LLC	Gordon Sacks	CEO, Manager & Co-Founder
0001665160-20-000195	5004343	Chicas Tacos Holdings, Inc	Chris Blanchard	CEO, Principal Executive Officer
0001800525-20-000001	5004344	Urban Modesty Inc	Sherihan Moustafa	CEO, principal executive officer, principal financial officer, controller, board of directors
0001670254-20-000172	5004345	SportBLX Thoroughbreds Corp.	Joseph De Perio	Founder and Board Member
0001670254-20-000174	5004346	Calyx Cultivation Tech. Corp.	John C Higgins	President/CEO
0001665160-20-000196	5004324	Dapper Boi, inc.	Victoria Pasche	CEO, Principal Executive Officer and Director, Principal Financial Officer and Principal Accounting Officer
0001665160-20-000197	5004347	Locking Line Barriers Corp	Joseph Daniluk	CEO, Principal Executive Officer and Director, Principal Financial Officer, Secretary, and Principal Accounting Officer
0001665160-20-000198	5004348	WebTez Inc.	Peter J. Tezza II	CEO, Principal Executive Officer and Director
0001800037-20-000001	5004349	SPARKLE INNOVATIONS INC	Hetal Virani	CEO & Director
0001665160-20-000199	5004350	Osiris Media Corp	Randall Bee	CEO, Principal Executive Officer and Director, Principal Financial Officer and Principal Accounting Officer
0001665160-20-000200	5004325	One Roq Spirits, LLC	J. Garrett Green	CEO, Principal Executive Officer and Manager, Principal Financial Officer and Principal Accounting Officer
0001669191-20-000096	5004351	Kings Crowd LLC	Christopher Lustrino	Principal Executive Officer
0001665160-20-000201	5004352	Xcraft Enterprises, LLC	JD Claridge	CEO, Principal Executive Officer and Director, Principal Financial Officer and Principal Accounting Officer
0001665160-20-000202	5004326	PT Motion Works, Inc.	Bryan Pate	CEO, Principal Executive Officer and Director, Principal Financial Officer and Principal Accounting Officer
0001794485-20-000001	5004367	UCapture LLC	Avery Michaelson	Founder & CEO
0001665160-20-000204	5004353	Currency Tracking Technologies, LLC	Keith F. Duffy	CEO, Principal Executive Officer and Manager, Principal Financial Officer and Principal Accounting Officer
0001746059-20-000072	5004368	De Carolis Brothers Cyclists LLC	Luca De Carolis	Owner and Founder
0001794603-20-000001	5004354	YEII Inc.	/s/ Erik Alvarez Ortegon	CEO, Director
0001670254-20-000176	5004355	TeenJobFind, Inc.	Janet Shah	CEO
0001465818-20-000004	5004369	Story2 LLC	Carol Barash	Manager & CEO
0001465818-20-000005	5004370	Story2 LLC	Carol Barash	Manager & CEO
0001665160-20-000205	5004371	Eclipse Diagnostics Inc	Luka Fajs	CEO, Principal Executive Officer and Director, Principal Financial Officer and Principal Accounting Officer
0001669191-20-000098	5004390	Puro Trader, Inc	Pierre  Rogers	Principal Executive Officer
0001669191-20-000100	5004372	Acquire Skills and Knowledge Education Inc.	Ruth Nemire	Principal Executive Officer
0001701378-20-000001	5004373	Powell Development Group Inc.	Charles Powell	Charles Powell
0001767504-20-000001	5004377	Brooklyn Heights Farm Residences LLC	Douglas Maxwell	Manager of S3RD LLC, the managing member
0001665160-20-000211	5004375	The Fantasy Network Corporation	Ronald B Newcomb	CEO, Principal Executive Officer and Director
0001665160-20-000212	5004376	Atlis Motor Vehicles Inc	Mark Hanchett	CEO, Principal Executive Officer and Director, Principal Financial Officer and Principal Accounting Officer
0001767504-20-000002	5004378	Brooklyn Heights Farm Residences LLC	Douglas Maxwell	Manager of S3RD LLC, the managing member
0001665160-20-000207	5004391	Atlis Motor Vehicle Inc.	Mark Hanchett	CEO, Principal Executive Officer and Director, Principal Financial Officer and Principal Accounting Officer
0001665160-20-000209	5004374	Akibah Health Corporation	Fathi Abdelsalam	CEO, Principal Executive Officer and Director, Principal Financial Officer and Principal Accounting Office
0001780439-20-000008	5004392	CYDigital, Inc.	Joseph Bernard Rizzo	Chief Executive Officer
0001702371-20-000001	5004379	Hive Companies, Inc.	Ryan Allis	Chief Executive Officer
0001665160-20-000213	5004380	Phormed Inc	McCoy Moretz	CEO, Principal Executive Officer and Director, Principal Financial Officer and Principal Accounting Officer
0001804661-20-000001	5004381	ADAMS & VISTA LLC	Regiis Jones	President/CEO
0001684004-20-000002	5004393	Black Point Seafood, LLC	Mark Murrell	CEO
0001789922-20-000001	5004382	Aavrani, Inc.	/s/ Rooshy Roychoudhury	CEO
0001806194-20-000001	5004394	Poppet LLC	Andrea Doyle-Calcagno	Co-Owner
0001715237-20-000003	5004383	Hammering Hebrew LLC	Jonathan Kesselman	Managing Member
0001669191-20-000102	5004395	Thinker-Tinker, Inc	Yuting Su	Principal Executive Officer
0001722138-20-000001	5004384	POLITISCOPE INC.	Israel Lopez	CEO
0001746059-20-000073	5004396	TB Duvall, LLC	Tayo Bailey-Duvall	Owner and Founder
0001780439-20-000009	5004397	Slash Beauty Inc.	Francois rene Jean Viargues	Owner and CEO
0001806281-20-000001	5004398	Hilltop Coffee LLC	Dan Gladis	Co-Owner
0001669191-20-000108	5004385	Avail Productivity Systems, Inc., d/b/a SNAPSHYFT	Thor Wood	Principal Executive Officer
0001795289-20-000003	5004386	Trimpakt, Inc.	Jonathan Restelli	Co Founder, CEO
0001669191-20-000113	5004387	PromoShare, Inc.	Ernesto Pedroza	Principal Executive Officer
0001665160-20-000215	5004388	Hitch Hotel, Inc.	Geoff Patterson	CEO, Principal Executive Officer and Director, Principal Financial Officer and Principle Accounting Officer
0001783015-20-000001	5004399	Compound Projects, LLC	Janine Yorio	Chief Executive Officer
0001783015-20-000002	5004400	Soar Robotics Inc.	Kerem Ozkan	CEO, Treasurer, Secretary
0001665160-20-000218	5004389	Hitch Hotel, Inc.	Geoff Patterson	CEO, Principal Executive Officer and Director, Principal Financial Officer and Principle Accounting Officer
0001670254-20-000181	5004401	Indy Brand Clothing, LLC	Mike Sperry	CEO/Founder
0001746059-20-000074	5004410	Brato Brewhouse & Kitchen LLC	Jonathan Gilman	Co-founder
0001665160-20-000220	5004402	WinSanTor, Inc.	Stanley Kim	CEO, Principal Executive Officer and Director, Principal Financial Officer and Principal Accounting Officer
0001666102-20-000006	5004403	Lucas & Friend Land Holdings, LLC	Nathan Jenkins	CEO
0001803581-20-000001	5004404	Fluux, Inc.	Chadwick Manning	Co-Founder & CEO
0001746059-20-000075	5004411	INNERGLOW YOGA LLC	Michelle Itzkowitz	Owner and Founder
0001764730-20-000001	5004412	Sweetberry Holdings LLC	Desi Saran	CEO
0001746059-20-000077	5004413	STONE HOUSE PRODUCTS LLC	Eric Sheffield	Manager
0001746059-20-000079	5004414	SERVE FOOD LLC	Matthew Lillibridge	Manager
0001746059-20-000081	5004405	Cooks & Farmers LLC	Michael Arrington	Owner and Founder
0001665160-20-000222	5004406	SanMelix Laboratories, Inc	Diana Sabacinski	CEO, Principal Executive Officer and Director, Principal Financial Officer and Principal Accounting Officer
0001665160-20-000223	5004407	Rumble Motors, Inc.	Reza Khademi	CEO, Principal Executive Officer and Director, Principal Financial Officer and Principal Accounting Officer
0001104659-20-032595	5004415	STARTENGINE CROWDFUNDING, INC.	/s/ Howard Marks	CEO
0001749621-20-000001	5004416	Southeastern Roast & Brewery L.L.C.	Candice Schibli	Sole Member
0001665160-20-000225	5004408	Bruno Albouze Inc.	Bruno Albouze	CEO, Principal Executive Officer and Director, Principal Financial Officer and Principal Accounting Officer
0001665160-20-000230	5004409	Clearwater Distilling Co LLC	Matt Eau Claire	CEO, Principal Executive Officer and Director, Principal Financial Officer and Principal Accounting Officer
0001752964-20-000001	5004430	Axle AI, Inc.	/s/ Samuel W. Bogoch	CEO, Director
0001670254-20-000184	5004431	SideHustle App Inc	Alex Kabir	CEO
0001665160-20-000231	5004432	Trella Technologies LLC	Aja Atwood	CEO, Principal Executive Officer and Manager, Principal Financial Officer and Principal Accounting Officer
0001665160-20-000233	5004417	Tuffy Packs, Inc.	Steven Naremore	CEO, Principal Executive Officer and Director, Principal Financial Officer and Principal Accounting Officer
0001805081-20-000001	5004418	A-Plan Coaching, LLC	Michael Counts	Founder and Managing Member
0001746059-20-000082	5004434	4210 Charlotte Partners, LLC	Louisa Green	Owner and Founder
0001752964-20-000003	5004420	Axle AI, Inc.	/s/ Samuel W. Bogoch	CEO, Director
0001670254-20-000189	5004419	Mevo Inc.	Max Haot	Founder & CEO
0001665160-20-000237	5004433	BioCurity Pharmaceuticals Inc.	MerchantCass Advisors, LLC	President, Principal Executive Officer, and COO
0001665160-20-000239	5004435	GoSun Inc.	Patrick Sherwin	CEO, Principal Executive Officer and Director, Principal Financial Officer and Principal Accounting Officer
0001669191-20-000116	5004436	Kings Crowd LLC	Christopher Lustrino	Principal Executive Officer
0001669191-20-000118	5004421	Puro Trader, Inc	Pierre  Rogers	Principal Executive Officer
0001669191-20-000120	5004422	Acquire Skills and Knowledge Education Inc.	Ruth Nemire	Principal Executive Officer
0001669191-20-000122	5004437	Attorney Et Al. Inc.	MICHAEL GABRIEL	Principal Executive Officer
0001780439-20-000010	5004423	Bee Mortgage App, Inc.	Curtis Richard Wood	Owner, Director, CEO
0001665160-20-000240	5004424	Prime Lightworks Inc.	Kyle Flanagan	CEO, Principal Executive Officer and Director, Principal Financial Officer and Principal Accounting Officer
0001665160-20-000242	5004426	Tequila Holdings, Inc.	John Chappell	CEO, Principal Executive Officer and Director, Principal Financial Officer and Principal Accounting Officer
0001665160-20-000243	5004438	Fisher Wallace Laboratories, Inc.	Kelly Roman	CEO, Principal Executive Officer and Director
0001777204-20-000001	5004439	HelloAva, Inc.	Siqi Mou	Chief Executive Officer and sole Director
0001665160-20-000241	5004425	HARA Flow Inc.	Brody Shemansky	CEO, Principal Executive Officer and Director, Principal Financial Officer and Principal Accounting Officer
0001665160-20-000244	5004427	XTI Aircraft Co	Robert LaBelle	CEO, Principal Executive Officer and Director
0001665160-20-000246	5004428	VegasWINNERS Inc.	Wayne Allyn Root	CEO, Principal Executive Officer and Director, Principal Financial Officer and Principal Accounting Officer
0001780439-20-000011	5004429	TNHC LLC	Donald Michael Rizzi	Director, Managing Partner
0001665160-20-000248	5004440	R3 Printing, Inc.	Paul Sieradzki	Director; Treasurer; Head of Product; Chief Executive Officer; President of R3 Printing, Inc.
0001669191-20-000124	5004450	AwayZone, Inc.	LaToya Johnson	Principal Executive Officer
0001798279-20-000001	5004451	Mountjoy Enterprises Inc	/s/ Alexander Mountjoy	Chief Executive Officer
0001783556-20-000001	5004452	XFit, Inc.	Terry Jones	Chief Executive Officer
0001752964-20-000004	5004441	Axle AI, Inc.	Samuel W. Bogoch	CEO, Director
0001799343-20-000002	5004442	Go Buddha LLC	Joshua Ingraham	Owner
0001783556-20-000003	5004453	XFit, Inc.	Cary Grossman	President
0001749621-20-000002	5004443	Southeastern Roast & Brewery L.L.C.	Candice Schibli	Sole Member
0001746059-20-000083	5004444	Tempo, LLC	Javier Solis	Manager
0001689683-20-000002	5004445	Our Life Foods, Inc	Chris Fontenot	CEO/Founder
0001670254-20-000193	5004446	3DMia, LLC	Taylor Blom	Co-Founder & CRO
0001805525-20-000002	5004454	KapitalWise, Inc.	Sajil Koroth	Chief Executive Officer
0001745321-20-000002	5004447	ECXTECH INC.	Ryan Cullins	CEO
0001213900-20-006826	5004448	Steve's Gym LLC	William Zanker	Chief Executive Officer
0001665160-20-000251	5004449	Young God INC.	Brandon Ganske	CEO, Principal Executive Officer and Director, Principal Financial Officer and Principal Accounting Officer
0001665160-20-000253	5004470	Karaganda, LLC	Max Weissberg	CEO, Principal Executive Officer and Manager, Principal Financial Officer and Principal Accounting Officer
0001665160-20-000254	5004455	Rumble Motors, Inc.	Reza Khademi	CEO, Principal Executive Officer and Director, Principal Financial Officer and Principal Accounting Officer
0001665160-20-000255	5004471	StorEn Technologies Inc.	Carlo Brovero	CEO, President, Chief Executive Officer, Treasurer, Principal Financial Officer and Principal Accounting Officer
0001665160-20-000256	5004472	AIREMOS CORP	Ryan Pirkle	CEO, Principal Executive Officer and Director, Principal Financial Officer and Principal Accounting Officer
0001665160-20-000258	5004456	Penny Luck Shoes, Inc.	Brian Munoz	CEO, Principal Executive Officer and Director, Principal Financial Officer and Principal Accounting Officer
0001796110-20-000006	5004457	Rent Yuh Ride LLC	Cherie Williams	Manager/CEO
0001746059-20-000084	5004458	Brato Brewhouse & Kitchen LLC	Jonathan Gilman	Co-founder
0001568609-20-000002	5004459	Cuddle Clones LLC	Jennifer Williams	CEO
0001665160-20-000260	5004460	Young God INC.	Brandon Ganske	CEO, Principal Executive Officer and Director, Principal Financial Officer and Principal Accounting Officer
0001746059-20-000085	5004473	INFIN8 SKATES ROLLER RINK INC.	Rasheeda Wallace	Owner and Founder
0001793868-20-000002	5004474	Porky's LLC	NIcholas Weiss	Co-Owner
0001805743-20-000002	5004475	Goodwolf Feeding Company	Joseph Keenan Smith	Founder, CEO
0001669191-20-000127	5004476	WWF Holdings, Inc.	Lonnie Johnson	Principal Executive Officer
0001665160-20-000262	5004477	Flower Turbines, Inc.	Mark Daniel Farb	CEO, Principal Executive Officer and Director, Principal Financial Officer and Principal Accounting Officer
0001670254-20-000200	5004478	Denim.la Inc.	John H DAVIS	CEO
0001805075-20-000002	5004479	ScHE Corp	Adrian Scheeren	Co-Owner
0001746059-20-000086	5004461	True Wines LLC	Zulema Mejia	Owner and Founder
0001669191-20-000130	5004462	Dome Audio Inc.	Benjamin White	Principal Executive Officer
0001665160-20-000264	5004480	PlantSnap, Inc.	Eric Ralls	CEO, Principal Executive Officer and Director, Principal Financial Officer and Principal Accounting Officer
0001665160-20-000266	5004463	vRotors, Inc.	Sunil Malhotra	CEO, Principal Executive Officer and Director, Principal Financial Officer and Principal Accounting Officer
0001665160-20-000267	5004464	Metai Knights Media Inc	Dele Atanda	CEO, Principal Executive Officer and Director, Principal Financial Officer and Principal Accounting Officer
0001746059-20-000087	5004481	Hey Rooster General Store LLC	Courtney Webb	Owner and Founder
0001736388-20-000003	5004465	R3 Printing, Inc.	/s/Paul Sieradzki	Director, President, CEO, Treasurer
0001799600-20-000001	5004466	Los Redondos, Inc.	Nicolas Botti Salici	CEO
0001213900-20-007152	5004482	Work Hard Play Hard Train Hard, Inc.	/s/ William Zanker	Chief Executive Officer and President
0001722137-20-000002	5004483	Upshift Inc.	Ezra Goldman	Chief Executive Officer, President and Director
0001670254-20-000202	5004467	OODLES CORPORATION	Asheesh Barman	Co-Founder, President, & COO
0001778006-20-000001	5004469	Weeds Never Sleep LLC	Michael Peterson	Managing member
0001665160-20-000269	5004468	VLISO Inc.	David Obasiolu	CEO, Principal Executive Officer and Director, Principal Financial Officer and Principal Accounting Officer
0001788657-20-000002	5004484	Flowh, Inc.	Eric Darst	CEO
0001665160-20-000270	5004490	WaterRR, Inc	Bruce Kania	Chief Executive Officer, Principal Executive Officer, Director
0001719575-20-000001	5004491	Big Data Analytics, Inc	Henry Finkelstein	CEO
0001669191-20-000132	5004492	Avail Productivity Systems, Inc., d/b/a SNAPSHYFT	Thor Wood	Principal Executive Officer
0001746059-20-000089	5004485	POPOVER KING LLC	Coco Cabuquit-Love	Owner and Founder
0001665160-20-000271	5004487	ARTICHOKE, LLC	Justin Shelby	CEO, Principal Executive Officer and Manager, Principal Financial Officer and Principal Accounting Officer
0001785236-20-000001	5004486	Texas Karne, LLC	Jason Cho	Member
0001666102-20-000008	5004493	Vendaval Corp	Nick Saifan Jr.	President
0001666102-20-000009	5004494	Connection Publishing, LLC	Ryan Spelts	Director and Owner
0001666102-20-000010	5004495	Slumber Bump, LLC	Shad Morris	Chief Executive Officer
0001669191-20-000138	5004489	Impact X Partners , LLC	Nathan Pinto	Principal Executive Officer
0001730486-20-000003	5004488	Thematic, Inc.	/s/ Marc Schrobilgen	Chief Executive Officer
0001791223-20-000002	5004496	Renu Robotics Corp	/s/ Tim Matus	Chief Executive Officer/President
0001213900-20-007323	5004510	Work Hard Play Hard Train Hard, Inc.	/s/ William Zanker	Chief Executive Officer and President
0001668287-20-000004	5004511	Palouse Ag-Drone Services LLC	Bill Benson	CEO
0001668287-20-000005	5004512	Secretdays Co.	Joy Cruz	CEO
0001668287-20-000006	5004513	Shira Productions, LLC	Davy Hobson	President
0001668287-20-000007	5004514	Simpkins E-Bikes, Inc.	Kent Simpkins	CEO
0001668287-20-000008	5004497	Plugsby, LLC	Jay Bennett	CEO
0001668287-20-000009	5004498	EV Trail LLC	Curtis Claar	CEO
0001799600-20-000003	5004515	Los Redondos, Inc.	Nicolas Botti Salici	CEO
0001746059-20-000090	5004516	ALOHA TROPICAL BOWLS LLC	Christopher Tobiens	Owner and Founder
0001806281-20-000002	5004499	Hilltop Coffee LLC	Dan Gladis	Co-Owner
0001746059-20-000092	5004500	HOT OVEN COOKIES, LLC	Sheila Coons	Owner and CoFounder
0001779318-20-000003	5004517	Fleeting,Inc.	Pierre Laguerre	Founder & CEO
0001746059-20-000093	5004501	Smokey Vale LLC	Paul Howlett	Owner and Founder
0001805103-20-000002	5004502	McAndrews Restaurants Inc	Debra Driggers	Co-Owner
0001665160-20-000272	5004518	CompanionCBD, Inc.	Brad Malin	CEO, Principal Executive Officer and Director, Principal Financial Officer and Principal Accounting Officer
0001665160-20-000273	5004519	SitTight, Inc.	Scott Bahneman	CEO, Principal Executive Officer and Director, Principal Financial Officer and Principal Accounting Officer
0001777274-20-000005	5004520	Oracle Health, Inc.	/s/ Jaeson Bang	CEO / Founder
0001317687-20-000002	5004521	Litescape Technologies Inc	Aleksey Feldman	CEO
0001784191-20-000001	5004522	Avenify Corp	Justin Potts	Chief Executive Officer
0001725245-20-000001	5004503	Preemadonna Inc.	/s/Herpreet Walia	CEO, President and Director
0001670254-20-000209	5004506	SunState Laboratories, Inc.	David Shahan	Founder / CEO
0001708246-20-000004	5004507	Jetoptera, Inc.	Denis Dancanet	CEO
0001670254-20-000205	5004504	Genius Juice, LLC	Alex Bayer	CEO/Founder
0001670254-20-000213	5004508	Delsure Health Insurance Inc.	Abbas Bayat	Founder, CEO
0001670254-20-000208	5004505	SunState Laboratories, Inc.	David Shahan	Founder / CEO
0001772684-20-000001	5004523	All ebt Corp	Eli Calderon Morin	Chief Executive Officer
0001803581-20-000002	5004524	Fluux, Inc.	Chadwick Manning	Co-Founder & CEO
0001666102-20-000011	5004525	CEO SPACE INTERNATIONAL INC.	S. Dohrmann	CEO
0001669191-20-000141	5004509	Domestic Brands Inc	Lawrence Charles	Principal Executive Officer
0001669191-20-000142	5004526	Neurotez Inc.	Nikolaos Tezapsidis	Principal Executive Officer
0001665160-20-000274	5004530	Atmos Home Inc.	Mark Lyle	CEO, Principal Executive Officer and Director, Principal Financial Officer and Principal Accounting Officer
0001803497-20-000002	5004531	PointBreezeway LLC	Lauren McMillen	Owner
0001803497-20-000003	5004532	Wine Collective, LLC	Enrique Pallares	Co-Owner
0001806520-20-000001	5004527	Common Oven LLC	Ian N Herrington	Owner
0001669191-20-000144	5004533	College Coaching Network Inc.	Claude Harris	Principal Executive Officer
0001669191-20-000146	5004534	SelenBio, Inc.	Kenny Gallagher	Principal Executive Officer
0001665160-20-000276	5004528	Clear Genius Inc.	Harry R. Kraatz	CEO, Principal Executive Officer and Director
0001746059-20-000095	5004529	GODDARD MEDICAL SERVICES LLC	Sean Goddard	Owner and Manager
0001746059-20-000096	5004550	Enthrall Capital Investments LLC	Mike Pirtle	Owner and CoFounder
0001772684-20-000004	5004553	All ebt Corp	Elijah Calderon Morin	CEO, Director
0001807742-20-000003	5004552	CricClubs Inc	Visweswara R Kottapalli	PRESIDENT
0001807742-20-000002	5004551	CricClubs Inc	Visweswara R Kottapalli	President
0001670254-20-000215	5004536	NYCE Companies, Inc.	Philip Michael	Founder, NYCE
0001807742-20-000001	5004535	CricClubs Inc	Visweswara R Kottapalli	PRESIDENT
0001213900-20-007809	5004537	Work Hard Play Hard Train Hard, Inc.	/s/ William Zanker	Chief Executive Officer and President
0001807984-20-000003	5004538	All ebt Foundation	Elijah Calderon Morin	CEO, Director
0001807984-20-000004	5004539	All EBT Corp	Elijah Calderon Morin	CEO, Director
0001807941-20-000001	5004554	Global Wordsmiths LLC	Mary Jayne McCullough	Owner
0001665160-20-000278	5004555	Life Imaging Fla, Inc.	J. Thomas Graham	CEO, Principal Executive Officer and Director, Principal Financial Officer and Principal Accounting Officer
0001665160-20-000280	5004556	Solutions International Vending	Dawn Dickson	CEO, Principal Executive Officer and Director, Principal Financial Officer and Principal Accounting Officer
0001778787-20-000001	5004557	Hidrent, Inc.	David Heimbuch	Founder / CEO
0001665160-20-000282	5004540	Rayton Solar Inc.	Andrew Yakub	CEO, Principal Executive Officer and Director, Principal Financial Officer and Principal Accounting Officer
0001745548-20-000001	5004558	K POP Foods, Inc.	Theodore Lee	Co-founder & CEO
0001769091-20-000001	5004541	Rocket Dollar Inc	Todayashi Henry Yoshida	Director, Chief Executive Officer
0001807812-20-000001	5004542	Livie & Luca, LLC	Amie Garcia	Co-Owner
0001769091-20-000002	5004559	Buff Bake, Inc.	Chris Bernard	CEO, Director and Chairman of the Board
0001670254-20-000218	5004543	Sniffy Labs Inc.	Howard Shyng	Co-Founder & President
0001746059-20-000097	5004560	WanderLinger Brewing Company, LLC	Christopher Dial	Owner and CoFounder
0001783580-20-000005	5004561	Ember Fund Inc	Alex Wang	Chief Executive Officer, Director
0001665160-20-000283	5004544	Currency Tracking Technologies LLC	Keith F. Duffy	CEO, Principal Executive Officer and Manager, Principal Financial Officer and Principal Accounting Officer
0001665160-20-000285	5004562	Vand Labs Inc.	Koustubh Parulekar	CEO, Principal Executive Officer and Director, President, Principal Financial Officer and Principal Accounting Officer
0001807883-20-000001	5004563	Black Hammer Brewing LLC	Kevin Jackey	Managing Partner
0001796828-20-000003	5004545	3204 Lyons Avenue LLC	Christopher Senegal	President/CEO
0001665160-20-000288	5004564	Solutions Vending International, Inc.	Dawn Dickson	CEO, Principal Executive Officer and Director, Principal Financial Officer and Principal Accounting Officer
0001746059-20-000099	5004565	AV Seals Labor Group, LLC	Charles Webber	Owner and Founder
